{"polyfill":["/polyfill-52d19ed3168b4f9da1ee.js"],"app":["/app-631e9a645d86a5bb4e42.js"],"component---src-pages-404-js":["/component---src-pages-404-js-5b6887c749b97c13047b.js"],"component---src-pages-admin-campaigns-[id]-js":["/component---src-pages-admin-campaigns-[id]-js-e48fc990cde3f29fdeec.js"],"component---src-pages-admin-campaigns-index-js":["/component---src-pages-admin-campaigns-index-js-351f7026e047e043b6b4.js"],"component---src-pages-admin-deposits-js":["/component---src-pages-admin-deposits-js-47ae7bb0a25f1471fa8d.js"],"component---src-pages-admin-index-js":["/component---src-pages-admin-index-js-4242bdf2593d8c226962.js"],"component---src-pages-admin-users-js":["/component---src-pages-admin-users-js-ccf2bc3000223135e92a.js"],"component---src-pages-admin-withdraws-js":["/component---src-pages-admin-withdraws-js-bb25660c0a3f5f993a75.js"],"component---src-pages-affiliate-js":["/component---src-pages-affiliate-js-465504c7ac7b8855011b.js"],"component---src-pages-campaign-[id]-js":["/component---src-pages-campaign-[id]-js-49c65d531f68282304dd.js"],"component---src-pages-campaign-index-js":["/component---src-pages-campaign-index-js-abd238913fe525b97774.js"],"component---src-pages-index-js":["/component---src-pages-index-js-74336e3b2367b17b2418.js"],"component---src-pages-profile-js":["/component---src-pages-profile-js-8a49e468c58d0e1e001e.js"],"component---src-pages-signin-js":["/component---src-pages-signin-js-f5bfe5ec9d68ea265cbf.js"],"component---src-pages-signup-js":["/component---src-pages-signup-js-9aa78bba7a6961048393.js"]}