{"name":"build-javascript","namedChunkGroups":{"polyfill":{"name":"polyfill","assets":[{"name":"webpack-runtime-3530dcf0cf4a99fafcf5.js","size":5864},{"name":"polyfill-52d19ed3168b4f9da1ee.js","size":83483}],"filteredAssets":0,"assetsSize":89347,"filteredAuxiliaryAssets":2,"auxiliaryAssetsSize":223621},"app":{"name":"app","assets":[{"name":"webpack-runtime-3530dcf0cf4a99fafcf5.js","size":5864},{"name":"framework-12f0f184de9e0e5876c5.js","size":129746},{"name":"app-631e9a645d86a5bb4e42.js","size":53728}],"filteredAssets":0,"assetsSize":189338,"filteredAuxiliaryAssets":3,"auxiliaryAssetsSize":557524},"component---src-pages-404-js":{"name":"component---src-pages-404-js","assets":[{"name":"component---src-pages-404-js-5b6887c749b97c13047b.js","size":940}],"filteredAssets":0,"assetsSize":940,"filteredAuxiliaryAssets":1,"auxiliaryAssetsSize":1453},"component---src-pages-admin-campaigns-[id]-js":{"name":"component---src-pages-admin-campaigns-[id]-js","assets":[{"name":"styles.0139d737f88e9dca7d51.css","size":28040},{"name":"2c386607-a6afb2b47f80beac58ff.js","size":219759},{"name":"1b20f0dd1d2f9cf9424a1fd0bd79f3873330ca7f-16fdb382aea236b0667d.js","size":65481},{"name":"06520b3855d526a4b18a51b396ead6a29dd179ac-2653a2b88db96a26d9d2.js","size":85808},{"name":"component---src-pages-admin-campaigns-[id]-js-e48fc990cde3f29fdeec.js","size":313258}],"filteredAssets":0,"assetsSize":712346,"filteredAuxiliaryAssets":4,"auxiliaryAssetsSize":2449949},"component---src-pages-admin-campaigns-index-js":{"name":"component---src-pages-admin-campaigns-index-js","assets":[{"name":"styles.0139d737f88e9dca7d51.css","size":28040},{"name":"1b20f0dd1d2f9cf9424a1fd0bd79f3873330ca7f-16fdb382aea236b0667d.js","size":65481},{"name":"06520b3855d526a4b18a51b396ead6a29dd179ac-2653a2b88db96a26d9d2.js","size":85808},{"name":"component---src-pages-admin-campaigns-index-js-351f7026e047e043b6b4.js","size":9189}],"filteredAssets":0,"assetsSize":188518,"filteredAuxiliaryAssets":3,"auxiliaryAssetsSize":559489},"component---src-pages-admin-deposits-js":{"name":"component---src-pages-admin-deposits-js","assets":[{"name":"styles.0139d737f88e9dca7d51.css","size":28040},{"name":"1b20f0dd1d2f9cf9424a1fd0bd79f3873330ca7f-16fdb382aea236b0667d.js","size":65481},{"name":"06520b3855d526a4b18a51b396ead6a29dd179ac-2653a2b88db96a26d9d2.js","size":85808},{"name":"2db4f69ea1273d509f88de445add7800199b6e8a-0092a4e8c395a1fbebf6.js","size":167145},{"name":"component---src-pages-admin-deposits-js-47ae7bb0a25f1471fa8d.js","size":10485}],"filteredAssets":0,"assetsSize":356959,"filteredAuxiliaryAssets":4,"auxiliaryAssetsSize":1195167},"component---src-pages-admin-index-js":{"name":"component---src-pages-admin-index-js","assets":[{"name":"styles.0139d737f88e9dca7d51.css","size":28040},{"name":"1b20f0dd1d2f9cf9424a1fd0bd79f3873330ca7f-16fdb382aea236b0667d.js","size":65481},{"name":"component---src-pages-admin-index-js-4242bdf2593d8c226962.js","size":7563}],"filteredAssets":0,"assetsSize":101084,"filteredAuxiliaryAssets":2,"auxiliaryAssetsSize":283129},"component---src-pages-admin-users-js":{"name":"component---src-pages-admin-users-js","assets":[{"name":"styles.0139d737f88e9dca7d51.css","size":28040},{"name":"1b20f0dd1d2f9cf9424a1fd0bd79f3873330ca7f-16fdb382aea236b0667d.js","size":65481},{"name":"2db4f69ea1273d509f88de445add7800199b6e8a-0092a4e8c395a1fbebf6.js","size":167145},{"name":"component---src-pages-admin-users-js-ccf2bc3000223135e92a.js","size":6991}],"filteredAssets":0,"assetsSize":267657,"filteredAuxiliaryAssets":3,"auxiliaryAssetsSize":914943},"component---src-pages-admin-withdraws-js":{"name":"component---src-pages-admin-withdraws-js","assets":[{"name":"styles.0139d737f88e9dca7d51.css","size":28040},{"name":"1b20f0dd1d2f9cf9424a1fd0bd79f3873330ca7f-16fdb382aea236b0667d.js","size":65481},{"name":"06520b3855d526a4b18a51b396ead6a29dd179ac-2653a2b88db96a26d9d2.js","size":85808},{"name":"2db4f69ea1273d509f88de445add7800199b6e8a-0092a4e8c395a1fbebf6.js","size":167145},{"name":"component---src-pages-admin-withdraws-js-bb25660c0a3f5f993a75.js","size":10486}],"filteredAssets":0,"assetsSize":356960,"filteredAuxiliaryAssets":4,"auxiliaryAssetsSize":1195169},"component---src-pages-affiliate-js":{"name":"component---src-pages-affiliate-js","assets":[{"name":"styles.0139d737f88e9dca7d51.css","size":28040},{"name":"1b20f0dd1d2f9cf9424a1fd0bd79f3873330ca7f-16fdb382aea236b0667d.js","size":65481},{"name":"06520b3855d526a4b18a51b396ead6a29dd179ac-2653a2b88db96a26d9d2.js","size":85808},{"name":"component---src-pages-affiliate-js-465504c7ac7b8855011b.js","size":8395}],"filteredAssets":0,"assetsSize":187724,"filteredAuxiliaryAssets":3,"auxiliaryAssetsSize":558143},"component---src-pages-campaign-[id]-js":{"name":"component---src-pages-campaign-[id]-js","assets":[{"name":"styles.0139d737f88e9dca7d51.css","size":28040},{"name":"1b20f0dd1d2f9cf9424a1fd0bd79f3873330ca7f-16fdb382aea236b0667d.js","size":65481},{"name":"06520b3855d526a4b18a51b396ead6a29dd179ac-2653a2b88db96a26d9d2.js","size":85808},{"name":"component---src-pages-campaign-[id]-js-49c65d531f68282304dd.js","size":8339}],"filteredAssets":0,"assetsSize":187668,"filteredAuxiliaryAssets":3,"auxiliaryAssetsSize":558986},"component---src-pages-campaign-index-js":{"name":"component---src-pages-campaign-index-js","assets":[{"name":"styles.0139d737f88e9dca7d51.css","size":28040},{"name":"1b20f0dd1d2f9cf9424a1fd0bd79f3873330ca7f-16fdb382aea236b0667d.js","size":65481},{"name":"06520b3855d526a4b18a51b396ead6a29dd179ac-2653a2b88db96a26d9d2.js","size":85808},{"name":"component---src-pages-campaign-index-js-abd238913fe525b97774.js","size":9015}],"filteredAssets":0,"assetsSize":188344,"filteredAuxiliaryAssets":3,"auxiliaryAssetsSize":560307},"component---src-pages-index-js":{"name":"component---src-pages-index-js","assets":[{"name":"styles.0139d737f88e9dca7d51.css","size":28040},{"name":"1b20f0dd1d2f9cf9424a1fd0bd79f3873330ca7f-16fdb382aea236b0667d.js","size":65481},{"name":"06520b3855d526a4b18a51b396ead6a29dd179ac-2653a2b88db96a26d9d2.js","size":85808},{"name":"2db4f69ea1273d509f88de445add7800199b6e8a-0092a4e8c395a1fbebf6.js","size":167145},{"name":"component---src-pages-index-js-74336e3b2367b17b2418.js","size":10744}],"filteredAssets":0,"assetsSize":357218,"filteredAuxiliaryAssets":4,"auxiliaryAssetsSize":1193986},"component---src-pages-profile-js":{"name":"component---src-pages-profile-js","assets":[{"name":"styles.0139d737f88e9dca7d51.css","size":28040},{"name":"1b20f0dd1d2f9cf9424a1fd0bd79f3873330ca7f-16fdb382aea236b0667d.js","size":65481},{"name":"06520b3855d526a4b18a51b396ead6a29dd179ac-2653a2b88db96a26d9d2.js","size":85808},{"name":"a7faa508a03137d28cd12eb9f6a0210fc1352280-87e7067a8f5f7e1c7f47.js","size":115257},{"name":"component---src-pages-profile-js-8a49e468c58d0e1e001e.js","size":10131}],"filteredAssets":0,"assetsSize":304717,"filteredAuxiliaryAssets":4,"auxiliaryAssetsSize":1131885},"component---src-pages-signin-js":{"name":"component---src-pages-signin-js","assets":[{"name":"styles.0139d737f88e9dca7d51.css","size":28040},{"name":"1b20f0dd1d2f9cf9424a1fd0bd79f3873330ca7f-16fdb382aea236b0667d.js","size":65481},{"name":"a7faa508a03137d28cd12eb9f6a0210fc1352280-87e7067a8f5f7e1c7f47.js","size":115257},{"name":"component---src-pages-signin-js-f5bfe5ec9d68ea265cbf.js","size":3831}],"filteredAssets":0,"assetsSize":212609,"filteredAuxiliaryAssets":3,"auxiliaryAssetsSize":848816},"component---src-pages-signup-js":{"name":"component---src-pages-signup-js","assets":[{"name":"styles.0139d737f88e9dca7d51.css","size":28040},{"name":"1b20f0dd1d2f9cf9424a1fd0bd79f3873330ca7f-16fdb382aea236b0667d.js","size":65481},{"name":"a7faa508a03137d28cd12eb9f6a0210fc1352280-87e7067a8f5f7e1c7f47.js","size":115257},{"name":"component---src-pages-signup-js-9aa78bba7a6961048393.js","size":14488}],"filteredAssets":0,"assetsSize":223266,"filteredAuxiliaryAssets":3,"auxiliaryAssetsSize":889185}},"assetsByChunkName":{"polyfill":["webpack-runtime-3530dcf0cf4a99fafcf5.js","polyfill-52d19ed3168b4f9da1ee.js"],"app":["webpack-runtime-3530dcf0cf4a99fafcf5.js","framework-12f0f184de9e0e5876c5.js","app-631e9a645d86a5bb4e42.js"],"component---src-pages-404-js":["component---src-pages-404-js-5b6887c749b97c13047b.js"],"component---src-pages-admin-campaigns-[id]-js":["styles.0139d737f88e9dca7d51.css","2c386607-a6afb2b47f80beac58ff.js","1b20f0dd1d2f9cf9424a1fd0bd79f3873330ca7f-16fdb382aea236b0667d.js","06520b3855d526a4b18a51b396ead6a29dd179ac-2653a2b88db96a26d9d2.js","component---src-pages-admin-campaigns-[id]-js-e48fc990cde3f29fdeec.js"],"component---src-pages-admin-campaigns-index-js":["styles.0139d737f88e9dca7d51.css","1b20f0dd1d2f9cf9424a1fd0bd79f3873330ca7f-16fdb382aea236b0667d.js","06520b3855d526a4b18a51b396ead6a29dd179ac-2653a2b88db96a26d9d2.js","component---src-pages-admin-campaigns-index-js-351f7026e047e043b6b4.js"],"component---src-pages-admin-deposits-js":["styles.0139d737f88e9dca7d51.css","1b20f0dd1d2f9cf9424a1fd0bd79f3873330ca7f-16fdb382aea236b0667d.js","06520b3855d526a4b18a51b396ead6a29dd179ac-2653a2b88db96a26d9d2.js","2db4f69ea1273d509f88de445add7800199b6e8a-0092a4e8c395a1fbebf6.js","component---src-pages-admin-deposits-js-47ae7bb0a25f1471fa8d.js"],"component---src-pages-admin-index-js":["styles.0139d737f88e9dca7d51.css","1b20f0dd1d2f9cf9424a1fd0bd79f3873330ca7f-16fdb382aea236b0667d.js","component---src-pages-admin-index-js-4242bdf2593d8c226962.js"],"component---src-pages-admin-users-js":["styles.0139d737f88e9dca7d51.css","1b20f0dd1d2f9cf9424a1fd0bd79f3873330ca7f-16fdb382aea236b0667d.js","2db4f69ea1273d509f88de445add7800199b6e8a-0092a4e8c395a1fbebf6.js","component---src-pages-admin-users-js-ccf2bc3000223135e92a.js"],"component---src-pages-admin-withdraws-js":["styles.0139d737f88e9dca7d51.css","1b20f0dd1d2f9cf9424a1fd0bd79f3873330ca7f-16fdb382aea236b0667d.js","06520b3855d526a4b18a51b396ead6a29dd179ac-2653a2b88db96a26d9d2.js","2db4f69ea1273d509f88de445add7800199b6e8a-0092a4e8c395a1fbebf6.js","component---src-pages-admin-withdraws-js-bb25660c0a3f5f993a75.js"],"component---src-pages-affiliate-js":["styles.0139d737f88e9dca7d51.css","1b20f0dd1d2f9cf9424a1fd0bd79f3873330ca7f-16fdb382aea236b0667d.js","06520b3855d526a4b18a51b396ead6a29dd179ac-2653a2b88db96a26d9d2.js","component---src-pages-affiliate-js-465504c7ac7b8855011b.js"],"component---src-pages-campaign-[id]-js":["styles.0139d737f88e9dca7d51.css","1b20f0dd1d2f9cf9424a1fd0bd79f3873330ca7f-16fdb382aea236b0667d.js","06520b3855d526a4b18a51b396ead6a29dd179ac-2653a2b88db96a26d9d2.js","component---src-pages-campaign-[id]-js-49c65d531f68282304dd.js"],"component---src-pages-campaign-index-js":["styles.0139d737f88e9dca7d51.css","1b20f0dd1d2f9cf9424a1fd0bd79f3873330ca7f-16fdb382aea236b0667d.js","06520b3855d526a4b18a51b396ead6a29dd179ac-2653a2b88db96a26d9d2.js","component---src-pages-campaign-index-js-abd238913fe525b97774.js"],"component---src-pages-index-js":["styles.0139d737f88e9dca7d51.css","1b20f0dd1d2f9cf9424a1fd0bd79f3873330ca7f-16fdb382aea236b0667d.js","06520b3855d526a4b18a51b396ead6a29dd179ac-2653a2b88db96a26d9d2.js","2db4f69ea1273d509f88de445add7800199b6e8a-0092a4e8c395a1fbebf6.js","component---src-pages-index-js-74336e3b2367b17b2418.js"],"component---src-pages-profile-js":["styles.0139d737f88e9dca7d51.css","1b20f0dd1d2f9cf9424a1fd0bd79f3873330ca7f-16fdb382aea236b0667d.js","06520b3855d526a4b18a51b396ead6a29dd179ac-2653a2b88db96a26d9d2.js","a7faa508a03137d28cd12eb9f6a0210fc1352280-87e7067a8f5f7e1c7f47.js","component---src-pages-profile-js-8a49e468c58d0e1e001e.js"],"component---src-pages-signin-js":["styles.0139d737f88e9dca7d51.css","1b20f0dd1d2f9cf9424a1fd0bd79f3873330ca7f-16fdb382aea236b0667d.js","a7faa508a03137d28cd12eb9f6a0210fc1352280-87e7067a8f5f7e1c7f47.js","component---src-pages-signin-js-f5bfe5ec9d68ea265cbf.js"],"component---src-pages-signup-js":["styles.0139d737f88e9dca7d51.css","1b20f0dd1d2f9cf9424a1fd0bd79f3873330ca7f-16fdb382aea236b0667d.js","a7faa508a03137d28cd12eb9f6a0210fc1352280-87e7067a8f5f7e1c7f47.js","component---src-pages-signup-js-9aa78bba7a6961048393.js"]},"childAssetsByChunkName":{}}